URL,label
https://cnn.com.account-verify.xyz/verification?id=2061,1
https://support@181.160.170.115/update?id=5317,1
http://update-verification.ga/password?id=7404,1
https://account-secure.ml/auth?id=9808,1
https://store.live.com/,0
http://account-verify.net/auth?id=3640,1
https://instagram.com.account-update.ga/verify?id=2890,1
http://auth-password.ml/signin?id=6606,1
http://service-verify.ga/password?id=7977,1
https://facebook.com/home,0
http://104.114.138.94/service?id=2179,1
http://app.microsoft.com,0
http://confirm-signin.cf/verification?id=1154,1
http://yelp.com.password-signin.info/secure?id=2819,1
http://zoom.us.59.249.130.112/billing?id=2368,1
http://login-auth.info/service?id=9319,1
http://www.microsoft.com/user/profile,0
https://instagram.com.auth-confirm.info/secure?id=3176,1
https://217.128.245.23/banking?id=6402,1
https://app.zillow.com/news,0
http://instagram.com.service-verification.org/verification?id=1300,1
http://mail.bankofamerica.com/home,0
http://www.paypal.com/,0
http://weather.com.verification-login.info/account?id=5593,1
https://store.github.com/about,0
http://app.wikipedia.org/contact,0
http://store.github.com/contact,0
http://199.30.249.25/update?id=4274,1
http://verify-banking.org/banking?id=5677,1
https://79.113.1.237/login?id=4891,1
http://www.zillow.com/home,0
https://app.zoom.us/about,0
https://login-login.ml/verify?id=9223,1
http://mail.youtube.com/news,0
http://store.yelp.com/news,0
https://mail.office.com/news,0
http://update-update.xyz/auth?id=8722,1
https://cnn.com.support-billing.ml/auth?id=7667,1
http://banking-login.ga/service?id=7321,1
https://mail.apple.com/about,0
https://store.office.com/,0
https://store.facebook.com/home,0
http://mail.github.com/contact,0
http://confirm-password.info/billing?id=8087,1
https://www.instagram.com/contact,0
https://paypal.com/user/profile,0
http://chase.com.secure-support.net/auth?id=8463,1
https://twitch.tv.service-secure.org/password?id=5089,1
http://store.zillow.com/contact,0
https://service-banking.info/update?id=9822,1
https://billing-login.net/login?id=7741,1
http://154.185.234.6/billing?id=3089,1
http://live.com/contact,0
http://136.66.210.73/billing?id=8756,1
https://www.bbc.com/home,0
https://store.instagram.com/help,0
http://wellsfargo.com.signin-login.tk/billing?id=5739,1
http://www.google.com/news,0
http://store.youtube.com,0
https://verify-account.xyz/verification?id=3156,1
https://store.bankofamerica.com/help,0
https://wikipedia.org/home,0
http://support@twitter.com.login-update.ml/login?id=5578,1
http://www.twitter.com,0
http://banking-support.cf/banking?id=1462,1
http://instagram.com.verify-signin.tk/billing?id=1011,1
https://verification-banking.gq/login?id=2755,1
http://secure-verification.cf/auth?id=2036,1
http://mail.office.com/user/profile,0
http://confirm-login.gq/signin?id=8577,1
https://www.instagram.com/news,0
http://app.paypal.com/user/profile,0
https://twitch.tv.60.60.98.232/auth?id=5684,1
https://update-login.info/billing?id=6659,1
https://bankofamerica.com/help,0
http://store.twitch.tv/help,0
http://yahoo.com.billing-verification.gq/support?id=1485,1
http://store.reddit.com/about,0
https://240.123.25.74/billing?id=5824,1
https://app.nytimes.com/news,0
http://verification-support.gq/signin?id=3656,1
https://store.nytimes.com/user/profile,0
https://www.bankofamerica.com/help,0
http://service-verify.top/login?id=7936,1
http://verify-confirm.top/auth?id=8421,1
https://zoom.us.verification-login.ml/account?id=7368,1
https://support@188.94.103.115/billing?id=4915,1
https://live.com/user/profile,0
http://mail.bing.com/,0
http://netflix.com/home,0
http://228.251.180.15/service?id=2049,1
https://mail.chase.com/news,0
http://verify-verify.net/confirm?id=7769,1
http://office.com/news,0
https://verification-signin.org/verification?id=1174,1
https://facebook.com/about,0
http://cnn.com/news,0
http://89.85.212.151/billing?id=7114,1
http://banking-confirm.gq/secure?id=7545,1
https://www.facebook.com/,0
https://service-password.xyz/billing?id=1495,1
http://netflix.com/,0
http://weather.com.password-confirm.ml/account?id=1682,1
https://netflix.com.confirm-service.org/confirm?id=8707,1
http://login-secure.org/update?id=6832,1
http://zillow.com.password-confirm.ga/confirm?id=9831,1
https://app.yelp.com/about,0
http://apple.com.password-account.tk/password?id=7322,1
https://espn.com.account-billing.info/banking?id=7025,1
http://support@verification-service.xyz/auth?id=9011,1
http://85.22.169.248/verification?id=7603,1
https://cnn.com.login-service.net/update?id=1290,1
http://mail.cnn.com/about,0
https://app.bbc.com/help,0
https://www.bbc.com/help,0
https://115.7.75.50/billing?id=8908,1
http://wellsfargo.com.verify-verify.tk/password?id=9602,1
https://microsoft.com,0
https://account-banking.ml/login?id=7069,1
https://app.wikipedia.org/news,0
https://account-support.xyz/login?id=9339,1
http://zillow.com/news,0
http://store.paypal.com/,0
https://chase.com.support-update.net/account?id=2921,1
https://billing-banking.gq/auth?id=1102,1
http://wellsfargo.com.update-billing.top/service?id=4435,1
https://support@131.238.139.7/login?id=2842,1
http://secure-service.org/auth?id=2540,1
http://confirm-billing.org/auth?id=9843,1
http://app.microsoft.com/help,0
http://twitch.tv.password-billing.info/banking?id=6034,1
http://verify-account.xyz/account?id=4972,1
https://www.live.com/help,0
http://app.linkedin.com/home,0
https://mail.zillow.com/contact,0
http://zoom.us/contact,0
https://store.wellsfargo.com/contact,0
http://store.yelp.com/help,0
http://store.bbc.com,0
https://service-auth.cf/secure?id=3122,1
https://store.reddit.com/,0
https://verify-billing.cf/signin?id=8959,1
https://weather.com.secure-secure.gq/account?id=6350,1
https://login-support.ga/banking?id=8777,1
https://reddit.com/about,0
https://bbc.com.confirm-auth.gq/confirm?id=5085,1
https://microsoft.com/contact,0
http://microsoft.com.74.175.207.134/update?id=7621,1
https://store.bankofamerica.com/news,0
https://google.com.confirm-secure.top/signin?id=7501,1
https://app.zoom.us/help,0
https://login-verify.ga/verify?id=8741,1
http://wellsfargo.com/news,0
https://mail.yahoo.com/,0
http://support@apple.com.password-login.info/confirm?id=6120,1
https://www.github.com/home,0
http://password-verification.xyz/auth?id=7072,1
https://confirm-signin.ga/password?id=3324,1
http://password-account.xyz/billing?id=6152,1
http://yahoo.com.76.195.79.200/update?id=3828,1
https://espn.com.service-password.ml/billing?id=6992,1
http://signin-auth.top/billing?id=2931,1
https://auth-signin.org/account?id=1256,1
https://app.github.com/help,0
https://secure-secure.ml/signin?id=1461,1
https://store.zillow.com/,0
http://app.apple.com,0
http://mail.bankofamerica.com,0
http://www.youtube.com/news,0
https://office.com/help,0
https://amazon.com.secure-confirm.tk/verify?id=8968,1
http://twitter.com/help,0
https://amazon.com/about,0
https://store.paypal.com/about,0
http://app.bing.com/home,0
https://account-account.net/billing?id=7619,1
http://cnn.com.login-password.org/banking?id=9410,1
http://www.linkedin.com/home,0
https://wellsfargo.com.support-update.info/billing?id=9582,1
http://bing.com/help,0
https://support@auth-verification.top/service?id=2865,1
http://reddit.com.signin-service.ml/update?id=3870,1
https://mail.amazon.com/user/profile,0
https://app.facebook.com/user/profile,0
https://reddit.com.auth-secure.ga/signin?id=9711,1
https://yahoo.com.auth-billing.ga/update?id=7651,1
https://secure-account.net/password?id=9652,1
https://support@signin-update.info/login?id=5745,1
https://chase.com.service-secure.xyz/password?id=7758,1
https://store.youtube.com,0
https://mail.apple.com/user/profile,0
http://mail.twitch.tv,0
https://www.twitter.com/help,0
http://account-billing.ml/verify?id=4416,1
http://www.chase.com,0
http://mail.github.com/about,0
http://billing-update.cf/banking?id=6838,1
https://support@yahoo.com.account-verification.org/secure?id=1690,1
http://account-confirm.info/verification?id=2453,1
http://verify-billing.ml/update?id=1881,1
http://paypal.com.102.244.231.114/secure?id=1284,1
https://80.10.103.134/verify?id=2505,1
http://app.weather.com/news,0
http://chase.com.verification-billing.ml/password?id=4772,1
https://www.twitter.com/,0
http://www.bing.com/,0
http://microsoft.com.signin-support.tk/secure?id=4580,1
https://billing-account.tk/billing?id=6896,1
https://81.229.41.234/signin?id=7291,1
https://store.office.com/news,0
https://support@158.207.72.190/login?id=2693,1
http://mail.yahoo.com/about,0
http://26.51.143.10/billing?id=8521,1
https://login-secure.ga/signin?id=7415,1
https://twitter.com/help,0
https://bing.com.verification-verification.tk/update?id=4904,1
http://confirm-verification.top/auth?id=1341,1
https://store.github.com/news,0
http://login-secure.ga/verification?id=6783,1
http://github.com/help,0
https://signin-password.xyz/login?id=8796,1
http://store.paypal.com/home,0
http://support@service-billing.ga/support?id=8509,1
http://support@reddit.com.135.234.90.192/verify?id=1762,1
http://mail.bankofamerica.com/user/profile,0
http://signin-banking.info/verify?id=6428,1
https://mail.reddit.com/home,0
https://service-login.ga/update?id=3813,1
http://mail.live.com/about,0
http://www.reddit.com/about,0
https://yahoo.com/news,0
https://46.198.46.105/update?id=6953,1
http://reddit.com/about,0
https://store.cnn.com/contact,0
http://wikipedia.org/,0
http://mail.amazon.com/help,0
https://verification-secure.top/support?id=3243,1
https://espn.com.confirm-banking.org/account?id=8487,1
http://app.bbc.com/home,0
https://nytimes.com/help,0
https://app.instagram.com,0
https://app.wikipedia.org/,0
http://yelp.com/home,0
http://app.bbc.com/,0
http://mail.amazon.com/about,0
https://update-support.ga/verification?id=7832,1
http://instagram.com.support-confirm.org/signin?id=1463,1
https://support-account.ga/confirm?id=1899,1
https://www.yelp.com,0
http://app.espn.com/about,0
http://service-billing.ml/login?id=6022,1
https://twitch.tv.signin-signin.top/account?id=1303,1
http://bbc.com.support-billing.org/service?id=2830,1
https://mail.wellsfargo.com/about,0
https://secure-secure.ga/service?id=6435,1
https://store.nytimes.com/home,0
https://mail.facebook.com/news,0
https://mail.zillow.com/,0
http://store.bbc.com/user/profile,0
https://apple.com.account-verification.xyz/banking?id=1209,1
http://support@yelp.com.121.42.155.196/support?id=4292,1
http://espn.com/about,0
https://billing-verification.net/update?id=3497,1
https://app.chase.com/help,0
https://app.bing.com/contact,0
http://store.yahoo.com/contact,0
https://secure-service.ga/billing?id=5386,1
https://app.espn.com/help,0
http://zillow.com.83.233.195.7/secure?id=8125,1
http://linkedin.com/home,0
https://app.google.com/,0
http://secure-confirm.ga/auth?id=7479,1
https://yahoo.com/home,0
http://support@zillow.com.support-password.org/update?id=8209,1
https://password-billing.tk/account?id=2193,1
https://wikipedia.org.support-banking.info/banking?id=6913,1
http://www.wikipedia.org,0
https://mail.instagram.com/home,0
https://wikipedia.org.account-secure.info/support?id=4957,1
http://www.wellsfargo.com/user/profile,0
http://store.zillow.com,0
https://amazon.com/user/profile,0
https://apple.com.login-account.net/update?id=2900,1
http://zoom.us.confirm-secure.top/auth?id=7973,1
https://191.33.204.218/login?id=2191,1
http://instagram.com.billing-password.cf/auth?id=9893,1
https://store.live.com/user/profile,0
https://app.weather.com/user/profile,0
https://store.weather.com,0
http://github.com.auth-support.net/password?id=1876,1
https://www.google.com/contact,0
http://chase.com/,0
http://app.amazon.com/,0
http://espn.com.144.11.66.220/auth?id=4967,1
http://facebook.com,0
https://www.zoom.us,0
https://store.wellsfargo.com/news,0
http://instagram.com.42.66.96.145/password?id=6531,1
http://yelp.com.165.144.25.4/verify?id=2992,1
http://mail.twitter.com,0
http://nytimes.com.auth-confirm.info/support?id=9401,1
http://apple.com.179.253.246.128/auth?id=4643,1
https://netflix.com.service-password.info/billing?id=2292,1
http://support@billing-billing.cf/auth?id=5332,1
https://login-auth.net/login?id=5240,1
https://verify-auth.cf/banking?id=6489,1
https://bbc.com.signin-billing.cf/billing?id=6690,1
https://store.chase.com/home,0
https://app.office.com/user/profile,0
http://mail.twitter.com/contact,0
https://store.zoom.us/news,0
http://amazon.com.billing-secure.gq/support?id=8282,1
https://store.twitch.tv/about,0
https://nytimes.com/news,0
http://app.zillow.com/home,0
https://mail.microsoft.com/home,0
http://banking-update.gq/support?id=1540,1
http://netflix.com.confirm-billing.top/service?id=3919,1
https://login-signin.xyz/billing?id=5726,1
http://youtube.com/contact,0
https://store.facebook.com/user/profile,0
http://nytimes.com.86.43.194.160/login?id=3291,1
http://store.microsoft.com/news,0
http://149.227.46.104/password?id=6021,1
https://apple.com/,0
https://billing-confirm.gq/service?id=2401,1
http://confirm-password.top/billing?id=3437,1
https://www.bankofamerica.com/news,0
http://app.apple.com/news,0
http://office.com.213.78.228.237/password?id=3426,1
https://paypal.com.103.192.74.56/verify?id=2760,1
http://support-support.ga/secure?id=1086,1
http://50.54.177.53/signin?id=9918,1
https://mail.linkedin.com/home,0
https://www.microsoft.com/help,0
http://www.office.com/help,0
http://google.com/contact,0
http://mail.wikipedia.org/user/profile,0
https://23.240.24.202/account?id=9417,1
http://amazon.com.billing-account.ga/service?id=7336,1
https://mail.apple.com/contact,0
https://zoom.us.verification-billing.info/support?id=6024,1
https://mail.wellsfargo.com/,0
https://100.26.145.251/billing?id=3716,1
https://store.live.com/home,0
https://instagram.com/,0
http://store.zoom.us,0
https://store.instagram.com/user/profile,0
http://mail.bbc.com/contact,0
http://zillow.com,0
http://app.paypal.com/contact,0
http://bbc.com.service-billing.cf/verify?id=5281,1
https://mail.bing.com/help,0
https://mail.amazon.com/contact,0
https://mail.amazon.com,0
http://microsoft.com,0
https://support@office.com.banking-password.xyz/account?id=9326,1
http://mail.apple.com/home,0
http://mail.yahoo.com/user/profile,0
http://office.com.login-verification.ml/support?id=7146,1
https://store.microsoft.com/user/profile,0
http://zoom.us.107.215.234.58/verify?id=5725,1
https://app.github.com/,0
https://store.amazon.com,0
https://store.zoom.us/,0
https://support@chase.com.support-verification.ga/secure?id=2571,1
https://store.nytimes.com/news,0
http://mail.bbc.com/help,0
https://support@github.com.service-signin.net/verify?id=4368,1
http://support@update-update.info/secure?id=8733,1
http://app.bankofamerica.com/home,0
http://www.bankofamerica.com/news,0
https://auth-update.top/confirm?id=7239,1
http://app.google.com/help,0
https://twitch.tv/,0
https://weather.com.verify-service.org/verify?id=2226,1
http://signin-login.top/verification?id=3787,1
http://store.netflix.com/contact,0
https://update-verify.cf/verification?id=1115,1
http://microsoft.com.login-support.top/banking?id=7507,1
http://mail.youtube.com/,0
http://app.instagram.com/,0
https://66.97.111.21/service?id=6698,1
https://mail.apple.com,0
https://94.48.242.55/verification?id=6983,1
https://app.paypal.com/contact,0
http://netflix.com/contact,0
http://live.com,0
http://netflix.com.billing-verification.top/verify?id=2863,1
http://verify-signin.net/verification?id=6792,1
https://www.microsoft.com/user/profile,0
https://yelp.com/user/profile,0
https://support@account-secure.top/billing?id=1209,1
https://office.com.13.43.141.119/service?id=2239,1
https://support@office.com.signin-support.info/verification?id=3170,1
http://banking-banking.org/confirm?id=1644,1
http://weather.com.confirm-login.gq/login?id=6417,1
https://app.bing.com/help,0
http://www.yahoo.com/user/profile,0
https://secure-verification.top/banking?id=1093,1
http://twitch.tv.183.43.203.123/confirm?id=4490,1
http://support-verify.top/billing?id=7780,1
https://account-verification.tk/confirm?id=6693,1
http://office.com/user/profile,0
http://account-update.cf/verification?id=2102,1
http://cnn.com.83.75.146.79/service?id=6236,1
http://service-banking.cf/password?id=1857,1
https://support-secure.tk/confirm?id=2604,1
http://zoom.us.update-banking.org/confirm?id=1616,1
https://app.yelp.com,0
http://store.espn.com/user/profile,0
https://yelp.com.213.142.70.19/update?id=5489,1
https://paypal.com/news,0
https://password-banking.tk/verification?id=7785,1
http://store.nytimes.com/contact,0
https://app.linkedin.com/home,0
https://yelp.com/home,0
http://app.bankofamerica.com/about,0
https://github.com.billing-update.top/service?id=3641,1
http://mail.linkedin.com/news,0
https://store.apple.com/news,0
https://www.google.com/help,0
http://store.instagram.com,0
https://store.espn.com/,0
https://app.bankofamerica.com,0
http://netflix.com/news,0
https://mail.bing.com/user/profile,0
http://support-service.top/verification?id=1975,1
https://service-login.org/confirm?id=7260,1
https://app.cnn.com/contact,0
https://93.8.154.37/confirm?id=9220,1
https://155.54.171.197/signin?id=3549,1
https://confirm-banking.net/signin?id=7571,1
https://billing-billing.tk/signin?id=3174,1
http://18.90.211.68/verification?id=3644,1
https://verify-confirm.gq/signin?id=4328,1
https://store.bing.com/help,0
http://signin-verification.cf/banking?id=9917,1
http://support@instagram.com.51.170.135.14/service?id=6393,1
https://signin-support.net/verification?id=7326,1
https://paypal.com.110.225.11.110/billing?id=3201,1
http://reddit.com/help,0
http://bbc.com/,0
http://store.live.com/user/profile,0
http://17.149.242.94/update?id=9600,1
https://support-support.ga/signin?id=9165,1
http://confirm-auth.ml/verify?id=9686,1
http://app.cnn.com/contact,0
https://mail.yahoo.com/home,0
http://mail.twitter.com/about,0
http://support@support-signin.cf/auth?id=3747,1
http://banking-verify.top/verification?id=2767,1
http://mail.youtube.com/help,0
http://store.weather.com/contact,0
https://store.instagram.com,0
http://www.cnn.com/home,0
https://yahoo.com.service-support.xyz/verification?id=5232,1
http://bing.com/user/profile,0
https://twitch.tv/user/profile,0
http://bing.com/,0
http://banking-service.cf/login?id=3720,1
http://www.amazon.com/contact,0
http://www.linkedin.com/news,0
https://banking-update.tk/banking?id=6989,1
https://update-banking.net/login?id=9269,1
http://45.232.36.65/auth?id=4275,1
https://account-auth.ml/password?id=5793,1
http://secure-support.info/signin?id=9531,1
https://update-password.gq/service?id=5534,1
https://mail.live.com/news,0
https://mail.zillow.com/home,0
http://www.instagram.com/help,0
https://verification-update.ml/signin?id=5774,1
https://mail.amazon.com/home,0
https://store.yelp.com/,0
https://www.yahoo.com/about,0
http://mail.bbc.com/home,0
http://store.zoom.us/news,0
https://185.157.136.162/password?id=3297,1
http://157.157.80.238/confirm?id=9679,1
http://29.187.35.250/service?id=3305,1
https://mail.bbc.com/user/profile,0
http://www.bing.com/home,0
http://mail.cnn.com/contact,0
https://www.netflix.com/help,0
http://app.yelp.com/help,0
https://account-login.ga/verification?id=1697,1
https://support@secure-auth.cf/account?id=3789,1
https://login-support.ga/verify?id=7764,1
http://mail.chase.com/help,0
http://store.wikipedia.org/user/profile,0
https://update-verification.top/billing?id=6164,1
https://signin-secure.ga/service?id=5336,1
http://zoom.us.signin-confirm.ml/confirm?id=1449,1
http://160.148.33.71/account?id=1129,1
https://mail.wellsfargo.com,0
https://banking-account.xyz/update?id=8327,1
https://support@live.com.61.52.0.109/confirm?id=7456,1
http://app.microsoft.com/news,0
http://google.com.auth-verify.org/support?id=4501,1
https://mail.cnn.com/help,0
http://www.zillow.com/user/profile,0
https://app.microsoft.com/,0
http://account-verify.net/service?id=8369,1
http://google.com,0
https://youtube.com/home,0
https://28.221.245.3/secure?id=2027,1
https://mail.chase.com/home,0
https://github.com,0
http://service-login.org/secure?id=3810,1
https://account-verification.info/verify?id=4435,1
https://mail.zoom.us/contact,0
https://netflix.com.support-billing.top/confirm?id=1435,1
https://support@verification-support.top/verify?id=8169,1
http://app.youtube.com/home,0
http://bankofamerica.com.billing-service.info/update?id=6103,1
https://store.microsoft.com/,0
https://bbc.com.support-password.org/service?id=5496,1
http://confirm-secure.xyz/support?id=3839,1
https://login-support.org/service?id=4145,1
http://mail.twitch.tv/home,0
http://mail.paypal.com/contact,0
https://www.facebook.com/home,0
http://account-billing.org/service?id=7659,1
https://store.netflix.com/help,0
http://store.wellsfargo.com/,0
https://linkedin.com/contact,0
https://app.bbc.com/home,0
https://mail.paypal.com,0
http://zillow.com.login-billing.info/login?id=2230,1
http://netflix.com.service-login.tk/verify?id=8963,1
https://wikipedia.org.verify-signin.ml/update?id=9937,1
http://secure-support.xyz/support?id=5284,1
https://app.amazon.com/news,0
http://mail.zoom.us/home,0
https://support-login.top/support?id=9051,1
http://app.zoom.us,0
http://apple.com.account-confirm.xyz/auth?id=6185,1
https://banking-support.xyz/banking?id=6723,1
http://www.bbc.com/user/profile,0
https://zillow.com/help,0
https://store.yelp.com/user/profile,0
https://store.live.com/contact,0
https://store.zoom.us/about,0
https://nytimes.com.billing-password.net/confirm?id=6172,1
http://login-auth.net/auth?id=5958,1
https://microsoft.com.confirm-auth.info/password?id=8811,1
https://app.instagram.com/news,0
http://www.reddit.com/home,0
https://login-service.xyz/verification?id=3266,1
http://mail.twitter.com/help,0
http://app.weather.com/about,0
https://verify-update.top/signin?id=8268,1
https://app.microsoft.com/news,0
https://support@auth-billing.top/update?id=2660,1
https://store.amazon.com/about,0
http://www.paypal.com/about,0
https://update-account.ml/secure?id=4328,1
http://mail.zillow.com/contact,0
http://store.cnn.com/contact,0
https://store.zillow.com/about,0
http://account-support.tk/confirm?id=5892,1
http://www.weather.com/user/profile,0
https://www.facebook.com/news,0
http://linkedin.com.banking-banking.cf/account?id=1494,1
http://update-confirm.xyz/update?id=5206,1
http://support-verify.ml/password?id=3450,1
https://weather.com.46.164.115.171/service?id=7740,1
https://signin-login.org/confirm?id=9722,1
http://app.zillow.com/contact,0
http://app.yelp.com/news,0
https://store.yahoo.com/user/profile,0
http://115.166.130.7/banking?id=6213,1
https://115.159.160.70/auth?id=6940,1
http://paypal.com.password-signin.gq/auth?id=3492,1
http://facebook.com.update-service.gq/account?id=3303,1
https://wikipedia.org/,0
https://www.github.com/contact,0
http://espn.com.165.128.63.178/support?id=9253,1
http://104.1.141.250/billing?id=4139,1
https://facebook.com.account-billing.org/signin?id=7826,1
https://chase.com/help,0
https://mail.weather.com/home,0
https://app.zoom.us/home,0
http://app.reddit.com/contact,0
https://confirm-service.cf/verify?id=6882,1
https://228.118.71.197/service?id=5052,1
https://mail.facebook.com/help,0
http://verification-login.ga/secure?id=7346,1
https://246.92.37.245/signin?id=8746,1
http://mail.instagram.com,0
http://store.bbc.com/help,0
http://login-verification.tk/secure?id=8026,1
http://update-auth.ga/secure?id=2814,1
https://support@secure-support.top/billing?id=7506,1
http://auth-service.net/signin?id=1935,1
http://verification-verify.xyz/service?id=2562,1
https://netflix.com.password-verification.info/password?id=2880,1
https://bbc.com.155.111.140.215/password?id=3865,1
http://store.amazon.com,0
https://weather.com.verify-auth.ml/verification?id=7255,1
http://store.zillow.com/user/profile,0
https://nytimes.com.service-account.tk/billing?id=5492,1
https://www.twitter.com/contact,0
http://paypal.com.auth-service.ml/login?id=2162,1
http://app.twitter.com/contact,0
https://zillow.com.secure-signin.ga/confirm?id=7845,1
https://support@reddit.com.password-verify.ml/verification?id=1785,1
http://service-verify.org/verify?id=2409,1
http://verify-password.gq/billing?id=8255,1
https://app.wellsfargo.com/,0
http://bing.com,0
http://github.com.service-banking.cf/password?id=4222,1
http://51.242.123.63/verification?id=7162,1
https://www.github.com/,0
https://linkedin.com/user/profile,0
http://google.com.billing-confirm.cf/verification?id=7264,1
http://mail.wikipedia.org,0
http://bing.com.signin-signin.cf/signin?id=5645,1
https://store.linkedin.com/user/profile,0
http://www.apple.com/contact,0
https://app.live.com/,0
http://account-billing.info/confirm?id=6086,1
http://store.bankofamerica.com/about,0
http://store.nytimes.com/home,0
https://account-support.tk/service?id=6260,1
http://auth-account.tk/confirm?id=7460,1
http://login-banking.org/secure?id=8203,1
http://live.com.password-banking.gq/login?id=7412,1
https://paypal.com.login-password.info/banking?id=9700,1
https://account-banking.org/account?id=3601,1
https://auth-auth.org/verify?id=9199,1
https://live.com.240.11.221.249/account?id=7150,1
http://48.206.255.132/confirm?id=4798,1
https://cnn.com.secure-verification.gq/password?id=1203,1
https://banking-update.info/update?id=6794,1
https://app.chase.com,0
https://espn.com.auth-service.tk/verification?id=1448,1
https://www.zoom.us/,0
http://support@password-signin.xyz/verification?id=6092,1
https://reddit.com.auth-update.org/update?id=2308,1
https://zillow.com.support-billing.top/password?id=1607,1
https://bbc.com/,0
http://www.amazon.com/,0
https://88.57.143.179/update?id=4568,1
https://app.netflix.com/contact,0
https://google.com/about,0
https://store.youtube.com/help,0
https://linkedin.com.210.124.248.218/auth?id=2545,1
https://support-billing.ga/update?id=3452,1
http://login-support.org/secure?id=5710,1
https://212.81.70.78/signin?id=5893,1
http://www.amazon.com/news,0
http://store.office.com/,0
https://www.weather.com/,0
https://www.zoom.us/about,0
http://zoom.us.password-auth.info/verification?id=7772,1
http://app.netflix.com/help,0
https://yahoo.com.201.199.164.128/service?id=7962,1
https://reddit.com.login-signin.org/password?id=7056,1
https://verification-login.info/password?id=9309,1
https://app.live.com/home,0
http://twitter.com.password-update.ga/secure?id=9372,1
https://www.office.com/contact,0
http://confirm-service.xyz/banking?id=5207,1
http://www.wikipedia.org/,0
https://store.twitch.tv/,0
http://wellsfargo.com.verify-signin.cf/confirm?id=4323,1
http://banking-account.ml/banking?id=2946,1
https://amazon.com.verification-confirm.xyz/billing?id=5115,1
http://verify-signin.info/confirm?id=9107,1
http://cnn.com.billing-confirm.cf/support?id=7555,1
https://mail.yahoo.com/news,0
http://account-account.top/banking?id=3050,1
https://mail.github.com/user/profile,0
https://mail.netflix.com/user/profile,0
https://support@office.com.auth-verify.top/account?id=2176,1
http://confirm-login.info/service?id=3701,1
http://support-billing.tk/auth?id=5097,1
http://password-verify.info/login?id=3422,1
https://bing.com.verification-signin.top/service?id=7958,1
https://wikipedia.org/contact,0
http://store.microsoft.com/,0
https://confirm-secure.info/secure?id=1937,1
https://password-confirm.cf/password?id=4859,1
https://update-verification.ml/account?id=9046,1
http://wikipedia.org.account-signin.xyz/banking?id=5488,1
http://store.twitch.tv/news,0
https://mail.zillow.com/help,0
https://app.twitter.com/user/profile,0
https://wikipedia.org/help,0
https://office.com.login-service.org/auth?id=7120,1
https://verify-password.ga/signin?id=9350,1
http://www.apple.com/about,0
http://banking-banking.gq/banking?id=4036,1
https://mail.instagram.com/news,0
https://support@137.66.186.85/verify?id=1175,1
http://mail.espn.com/about,0
http://www.twitch.tv/about,0
http://bbc.com/about,0
https://www.bing.com/home,0
https://www.bing.com/help,0
http://www.yahoo.com/help,0
https://app.weather.com,0
http://wikipedia.org.account-account.ga/account?id=1004,1
http://127.130.224.121/banking?id=2086,1
http://auth-password.net/banking?id=2895,1
http://google.com.signin-password.cf/signin?id=7544,1
http://live.com.confirm-billing.info/service?id=7221,1
https://app.twitter.com/help,0
https://update-account.info/service?id=7642,1
http://www.nytimes.com/help,0
http://signin-auth.ga/update?id=8740,1
https://microsoft.com.verify-confirm.xyz/auth?id=1007,1
http://verify-verification.tk/auth?id=4180,1
http://google.com.account-verify.tk/password?id=3732,1
http://weather.com.secure-service.xyz/password?id=1257,1
http://verify-password.net/account?id=6953,1
https://amazon.com.login-secure.tk/account?id=5070,1
https://live.com.25.207.208.216/secure?id=1980,1
https://banking-banking.xyz/support?id=4158,1
http://support@zoom.us.support-verification.ml/service?id=1856,1
http://104.96.26.70/account?id=2725,1
http://support@confirm-update.tk/service?id=2583,1
http://mail.office.com/about,0
http://update-service.top/verification?id=5292,1
http://235.152.47.212/account?id=9681,1
http://mail.netflix.com/,0
http://wikipedia.org.support-account.cf/auth?id=6778,1
http://www.nytimes.com/news,0
https://store.live.com/about,0
http://www.yahoo.com,0
http://facebook.com.192.99.208.90/verify?id=4332,1
http://app.linkedin.com,0
https://banking-secure.top/service?id=4454,1
http://banking-service.top/auth?id=8688,1
http://wellsfargo.com.service-verification.cf/support?id=1099,1
http://app.yelp.com/home,0
http://confirm-password.ga/verification?id=3588,1
http://support@verify-secure.ml/account?id=9457,1
https://app.bankofamerica.com/contact,0
http://twitter.com.verify-password.cf/secure?id=1898,1
http://159.122.102.4/confirm?id=2274,1
http://www.weather.com/contact,0
https://bing.com.service-verification.top/account?id=4070,1
https://store.bing.com/home,0
http://secure-billing.tk/auth?id=4658,1
https://weather.com.login-service.ga/signin?id=6876,1
http://www.bbc.com/contact,0
https://www.wellsfargo.com/help,0
http://yahoo.com.password-billing.org/login?id=8365,1
https://billing-confirm.gq/signin?id=4479,1
http://90.167.0.15/account?id=4767,1
http://instagram.com/contact,0
https://www.bing.com/contact,0
http://app.cnn.com/help,0
https://app.nytimes.com/contact,0
http://password-verify.gq/login?id=1740,1
http://github.com.support-verify.xyz/login?id=5941,1
http://amazon.com/news,0
https://apple.com.secure-auth.cf/billing?id=5330,1
https://signin-support.org/login?id=8483,1
http://yelp.com.confirm-account.ml/update?id=5813,1
https://wellsfargo.com.122.165.98.111/password?id=9422,1
https://microsoft.com.service-account.net/confirm?id=3042,1
http://147.241.19.90/password?id=4335,1
https://banking-password.top/password?id=4518,1
https://account-support.cf/auth?id=3525,1
http://support-secure.gq/update?id=7105,1
https://verify-password.cf/service?id=8068,1
https://confirm-login.ml/update?id=7567,1
https://yahoo.com.login-support.xyz/billing?id=1745,1
https://support@secure-signin.cf/support?id=5838,1
https://account-banking.cf/banking?id=6006,1
https://www.espn.com/,0
http://app.github.com,0
https://auth-login.tk/verification?id=8754,1
http://app.twitch.tv,0
http://support@banking-banking.cf/confirm?id=1225,1
http://live.com/user/profile,0
https://signin-banking.gq/verification?id=9299,1
https://store.amazon.com/user/profile,0
http://bbc.com.160.17.150.180/update?id=9830,1
http://support-banking.info/account?id=2135,1
https://linkedin.com.service-verification.tk/password?id=1202,1
https://verification-auth.ga/login?id=7215,1
http://auth-auth.ga/billing?id=1421,1
https://account-login.top/signin?id=5286,1
http://wikipedia.org/user/profile,0
https://127.175.88.85/billing?id=9997,1
http://account-verify.ga/banking?id=6424,1
https://update-verification.org/password?id=5261,1
https://confirm-billing.info/support?id=5762,1
http://mail.reddit.com/news,0
http://signin-confirm.ml/service?id=2769,1
https://signin-billing.ml/update?id=8186,1
http://store.chase.com/contact,0
http://store.bbc.com/contact,0
https://twitter.com.192.165.126.51/signin?id=2915,1
http://verify-service.org/service?id=1264,1
https://23.146.179.15/verify?id=1385,1
http://mail.live.com/,0
http://app.nytimes.com/help,0
http://account-account.top/billing?id=4184,1
http://github.com.service-password.tk/verify?id=1791,1
https://auth-billing.cf/banking?id=1226,1
https://support@netflix.com.update-service.cf/verify?id=7619,1
http://account-confirm.top/signin?id=1121,1
http://facebook.com.191.173.73.158/service?id=1106,1
https://support-service.xyz/signin?id=7789,1
https://wellsfargo.com.240.162.28.130/update?id=5752,1
http://www.apple.com/help,0
http://wikipedia.org.signin-confirm.tk/verification?id=3716,1
https://secure-verification.ml/banking?id=9613,1
https://billing-support.net/verify?id=5335,1
https://signin-confirm.info/update?id=4864,1
http://store.office.com/news,0
https://app.chase.com/,0
http://linkedin.com.account-confirm.gq/service?id=8222,1
https://paypal.com.110.103.75.104/confirm?id=5283,1
https://www.zillow.com/home,0
https://google.com/user/profile,0
http://mail.yelp.com/news,0
https://paypal.com.banking-auth.gq/update?id=8504,1
http://mail.instagram.com/contact,0
http://mail.wellsfargo.com/user/profile,0
https://signin-verification.tk/banking?id=7338,1
http://mail.wellsfargo.com/about,0
http://bbc.com/contact,0
https://support-verification.tk/auth?id=2255,1
http://www.yelp.com/about,0
http://login-billing.ga/billing?id=8507,1
http://app.github.com/about,0
http://paypal.com/help,0
https://app.apple.com/user/profile,0
https://mail.office.com/about,0
https://signin-secure.ml/signin?id=1221,1
https://bbc.com/news,0
https://login-secure.ga/service?id=7464,1
https://banking-update.ml/update?id=5293,1
https://twitter.com.account-confirm.ga/banking?id=2142,1
https://confirm-billing.org/verification?id=7922,1
https://store.youtube.com/,0
http://update-signin.xyz/service?id=8694,1
http://store.cnn.com/user/profile,0
http://www.yelp.com/news,0
https://store.yahoo.com/home,0
https://zoom.us/help,0
http://store.amazon.com/home,0
http://store.microsoft.com/user/profile,0
https://support@auth-signin.info/banking?id=6190,1
http://auth-signin.tk/service?id=5128,1
http://www.wellsfargo.com/help,0
https://banking-account.ml/banking?id=6464,1
http://app.espn.com,0
https://account-secure.cf/account?id=8470,1
https://secure-banking.ga/update?id=5097,1
https://verify-verify.gq/auth?id=1476,1
https://store.google.com/home,0
https://service-password.ga/signin?id=8559,1
http://store.wikipedia.org/about,0
http://login-password.org/auth?id=5799,1
https://www.zillow.com/help,0
http://app.zillow.com/help,0
http://instagram.com.login-verify.ml/billing?id=1359,1
https://account-update.xyz/verify?id=9884,1
http://verification-auth.gq/verification?id=6636,1
http://app.facebook.com,0
https://google.com/contact,0
https://www.yelp.com/contact,0
https://login-confirm.org/auth?id=8987,1
https://password-signin.top/signin?id=3898,1
http://reddit.com/home,0
https://login-signin.xyz/account?id=1480,1
https://bankofamerica.com/user/profile,0
https://wellsfargo.com.confirm-service.gq/billing?id=1427,1
http://support@confirm-password.net/signin?id=1120,1
https://store.zoom.us,0
https://github.com.update-secure.ml/account?id=5903,1
http://espn.com/home,0
http://bing.com.verification-verification.ga/secure?id=2277,1
http://signin-signin.tk/secure?id=6188,1
https://support@banking-service.net/update?id=2686,1
http://app.yelp.com,0
https://www.chase.com/news,0
http://store.weather.com/home,0
http://banking-login.cf/secure?id=9473,1
http://netflix.com.110.36.83.148/service?id=4624,1
https://www.youtube.com/user/profile,0
http://www.yelp.com,0
https://app.weather.com/home,0
https://mail.wikipedia.org/home,0
https://espn.com.password-service.ga/banking?id=2356,1
https://bing.com.verify-update.gq/billing?id=8118,1
https://support@auth-secure.ml/service?id=3449,1
https://www.live.com/user/profile,0
http://www.wellsfargo.com/about,0
https://app.instagram.com/help,0
http://update-confirm.cf/signin?id=8465,1
http://app.netflix.com/,0
http://app.twitch.tv/contact,0
http://verify-verification.info/password?id=6976,1
https://facebook.com.verify-secure.cf/secure?id=3774,1
http://linkedin.com.banking-confirm.ml/password?id=7927,1
https://verify-password.top/update?id=4203,1
http://google.com/about,0
https://zillow.com.secure-billing.ml/password?id=3963,1
http://bing.com.update-password.net/update?id=1609,1
http://bankofamerica.com.verification-verification.org/verify?id=7927,1
https://store.weather.com/home,0
http://service-password.ml/login?id=2720,1
https://84.9.193.26/confirm?id=5242,1
https://144.198.120.88/billing?id=1445,1
http://service-confirm.net/service?id=5137,1
https://www.amazon.com,0
https://github.com.verification-verification.ml/login?id=7158,1
http://banking-verify.gq/auth?id=5779,1
http://app.amazon.com/contact,0
https://177.219.213.227/confirm?id=6013,1
https://165.196.133.192/billing?id=3426,1
https://confirm-login.gq/verify?id=3530,1
https://verify-support.ml/auth?id=8591,1
http://chase.com.auth-verification.top/banking?id=6366,1
https://google.com,0
https://www.espn.com/user/profile,0
http://app.live.com/news,0
https://zillow.com/news,0
https://confirm-update.net/billing?id=4182,1
http://mail.youtube.com/contact,0
http://bing.com.114.20.147.177/support?id=3110,1
http://app.wikipedia.org/user/profile,0
https://app.bing.com/home,0
http://bing.com/home,0
http://secure-secure.top/service?id=4911,1
https://store.instagram.com/about,0
http://190.254.26.58/confirm?id=5158,1
http://www.zillow.com/news,0
https://twitter.com.login-banking.cf/auth?id=6385,1
http://144.196.157.232/verify?id=7755,1
https://mail.office.com/user/profile,0
http://store.zillow.com/home,0
https://www.nytimes.com/,0
http://wikipedia.org/contact,0
https://mail.google.com/about,0
http://mail.instagram.com/about,0
http://amazon.com/,0
https://secure-secure.ml/banking?id=6970,1
http://app.live.com/user/profile,0
http://youtube.com.confirm-verification.tk/signin?id=7863,1
https://www.zillow.com/news,0
https://store.bbc.com/user/profile,0
https://www.apple.com/about,0
http://support@auth-secure.tk/banking?id=7667,1
https://mail.zoom.us/,0
http://app.google.com/news,0
